,ALPHA.AT,ETE.AT,TPEIR.AT,OPAP.AT,MYTIL.AT,LAMDA.AT,FTSE.AT
2012-09-04 16:00:00,,,,,,,
2012-09-05 16:00:00,,,,,,,
2012-09-06 16:00:00,,,,,,,
2012-09-07 16:00:00,,,,,,,
2012-09-10 16:00:00,,,,,,,
2012-09-11 16:00:00,,,,,,,
2012-09-12 16:00:00,,,,,,,
2012-09-13 16:00:00,,,,,,,
2012-09-14 16:00:00,,,,,,,
2012-09-17 16:00:00,,,,,,,
2012-09-18 16:00:00,,,,,,,
2012-09-19 16:00:00,,,,,,,
2012-09-20 16:00:00,,,,,,,
2012-09-21 16:00:00,,,,,,,
2012-09-24 16:00:00,,,,,,,
2012-09-25 16:00:00,,,,,,,
2012-09-26 16:00:00,,,,,,,
2012-09-27 16:00:00,,,,,,,
2012-09-28 16:00:00,,,,,,,
2012-10-01 16:00:00,1.736095843258206,0.22913955657223145,0.3143066305951852,-0.9782096535449324,0.11838111378796526,1.7372182163404892,0.07982382444194082
2012-10-02 16:00:00,2.132672276959462,0.8167830065598629,0.9029133053841574,-0.7685163093082464,1.0494633732117267,1.6329758143113595,1.1060148807812915
2012-10-03 16:00:00,1.143907307890293,0.5259880337068751,0.8994663675142202,-0.6796195621473224,1.2818547398844515,1.7514386424554125,0.857950599445163
2012-10-04 16:00:00,1.4772019827908809,0.8571052477459653,1.1466439054315691,-0.6693098587755765,1.2218846752720538,1.0625421194816957,1.3345837835507455
2012-10-05 16:00:00,3.0935854517555463,1.6283828233584732,3.0919462869971746,-0.3459830048675137,2.734601456066039,1.92603862622979,2.9510052998731715
2012-10-08 16:00:00,1.8350777895934425,2.5732105951318895,2.32286184327767,-0.34270207959650195,2.00863530216914,2.129377069276357,2.282738644176742
2012-10-09 16:00:00,1.418383881090625,2.142633523436513,2.0453824759292654,-0.08852780755595159,1.4340935391968173,2.531835060337031,1.9416916968229891
2012-10-10 16:00:00,0.5187328422889287,0.7936512468688601,1.243687977506924,-0.3782439963068112,0.664456469192842,2.213933179458007,0.7573483327972881
2012-10-11 16:00:00,0.6742693640213349,0.7160064233216689,1.3838793802831801,-0.2959651246326908,0.9454945835672165,1.3879394770645506,0.7900172584560644
2012-10-12 16:00:00,0.9017621411728838,1.2156739749102028,1.43755068436663,-0.14965079360183775,1.461126099762007,1.8440332459406492,1.4467292851650675
2012-10-15 16:00:00,1.612660323055458,1.939992574830327,1.7978499072822938,-0.05465543073608124,1.8830143757306816,1.781480271949595,1.6688022323978144
2012-10-16 16:00:00,1.9081449559851384,1.8356459543901684,1.8942949617782734,0.2866949173707546,1.4994797299994664,1.8658766456892015,1.8192967435434857
2012-10-17 16:00:00,2.0262407133672387,2.1546122050221457,2.400809954285283,0.30885137944292873,1.5492900061666828,1.5784395026567657,2.0342893915432474
2012-10-18 16:00:00,1.810732649109654,1.6928112121963506,2.150319416782337,1.0378850596677192,1.4458780429074827,1.2522518606987216,1.7763232426815623
2012-10-19 16:00:00,1.67956906160902,1.3880945476042126,1.800690191853045,1.8992101702263013,1.1319233234918933,1.3688230460203386,1.7129268981507744
2012-10-22 16:00:00,2.1441389033439324,1.8559857190236688,1.5863954333169454,2.831228368882065,1.3881285671390848,1.0318383563550493,1.9813887496588276
2012-10-23 16:00:00,1.735826470584737,1.390937153165286,1.4505373193847273,2.533764288576426,0.8164363174155888,0.896091408501232,1.4682478209404637
2012-10-24 16:00:00,1.8590526915539811,1.4424326096010682,1.466549334036464,2.5065058324701814,0.7352216803159364,0.8858601181454253,1.5920211379720735
2012-10-25 16:00:00,1.478231070534474,1.360114586963525,1.1274166669071914,2.0309666385045095,1.109173704562609,0.5403990431995963,1.3396639499053147
2012-10-26 16:00:00,1.2658703608086843,1.1012732690992781,0.8123367062481198,1.8040891167956223,1.5478345451920223,0.49290442239947807,1.0951821882253494
2012-10-31 16:00:00,-1.0475984465416626,-2.2635671734021727,-1.314611720961929,1.1687417041026689,-0.8673536982542851,0.2015950904271432,-0.8678518372161363
2012-11-01 16:00:00,-1.82632547705457,-2.668675704176819,-1.9400070642907552,0.143314778902693,-2.2881799218770067,-0.8387901758472834,-1.7848909044740735
2012-11-02 16:00:00,-0.817014297162401,-1.6077102574996085,-0.911566513012565,0.7286479098506485,-1.0419655462310606,-0.7127808564411032,-0.8269753507237355
2012-11-05 16:00:00,0.012010766472303465,-0.9807159938846651,-0.4062119034486059,0.8226056801519326,-0.36965538908356904,-0.7871893531304014,-0.2817092363546621
2012-11-06 16:00:00,-0.07686400338913421,-1.1094507060601513,-0.5036206907167441,0.7208563505054976,-0.5320466732386221,-1.5865979464434565,-0.22968034876617796
2012-11-07 16:00:00,-0.2340231517792204,-0.906866672122525,-0.48261836722899987,0.3897951775794756,-0.7918584450770967,-1.9747103778473392,-0.38361024329163224
2012-11-08 16:00:00,-1.3814170063493982,-1.5032605035145086,-1.401114688553198,-0.0046661380495493345,-1.985838846522262,-1.86930850230464,-1.1983937445284532
2012-11-09 16:00:00,-0.9338714744719033,-1.2107557556049715,-1.0183636494821335,0.0831742742827245,-1.7351127838025595,-1.7013715653200001,-0.9649568796269091
2012-11-12 16:00:00,-1.8742099754946024,-1.813489310266671,-1.513726365825311,0.2056236233741554,-1.4012043351753405,-1.5931167775691526,-1.7251082832267564
2012-11-13 16:00:00,-1.8376170558286566,-1.734655644638937,-1.4646784891342435,0.5451500166610331,-1.1295740616368752,-1.5395817021600227,-1.5675630289851525
2012-11-14 16:00:00,-1.3756736219464294,-1.2140743833007648,-0.9695089405923449,0.4317349705378581,-0.03182865349257979,-0.8895536105635333,-1.0586196384795474
2012-11-15 16:00:00,-1.5918941883110393,-1.4066023189015837,-1.1582415067732224,-0.298198647392318,0.26676997030678634,0.2868257876874472,-1.2110992402191953
2012-11-16 16:00:00,-1.328502566905942,-1.1944143617167142,-0.8586902048088543,-0.9834736245799189,0.06965870792432226,0.46718351147645687,-1.0540860169334718
2012-11-19 16:00:00,-0.261326475974091,-0.6586694236876862,-0.33228132741932753,-0.3945482127336949,0.7112727095838794,1.0378218782223079,-0.32329376725661646
2012-11-20 16:00:00,-0.37040098553321904,-0.6637169373845732,-0.450260360184337,0.09191691720869645,0.08695191842056608,0.9154936582133281,-0.34187467517053466
2012-11-21 16:00:00,-0.02512836512107304,-0.5038209612403297,-0.25336304734985937,0.6186305883466467,0.7020453666637461,1.2190717209967423,-0.08525106317790682
2012-11-23 16:00:00,0.2352185567902417,-0.1792869861037898,-0.07689920280582929,1.1690968684716552,0.5504146651564034,1.1763721861106908,0.35629964709849615
2012-11-26 16:00:00,0.3606218438094099,-0.1840725609782884,0.0758240261926884,1.1864370931740196,0.4486907282413318,1.1928206669270438,0.4431210392671573
2012-11-27 16:00:00,-0.4671954867308303,-0.7576598084277957,-0.6262322705875472,2.217151200666533,0.8420075465993365,1.1916682773444631,0.35435142627956057
2012-11-28 16:00:00,-1.1910397239732233,-1.4566474410738475,-1.2204798501691754,0.892701029858517,0.32387846875357706,1.2265537215685618,-0.44490473612664916
2012-11-29 16:00:00,-0.8803977107489791,-1.5120327860952452,-1.0855987498213115,1.2175107132172687,0.19804509827033287,0.7166697287064134,-0.544196622184134
2012-11-30 16:00:00,-1.0162309799313813,-1.7094504213080808,-1.548964069866994,0.8776820469146521,-0.30139994888641236,1.0551501605796947,-1.1425507461593565
2012-12-03 16:00:00,-0.46557886409947513,-1.2805616583939894,-0.6019774031579038,0.8037504878068114,-0.018574778496400702,1.2365032873840673,-0.46680240431210496
2012-12-04 16:00:00,-0.7785114974606931,-1.5818290662720391,-0.9708502111894267,0.7508763489722052,0.12126633151120626,0.7112272845443487,-0.8311926064036557
2012-12-05 16:00:00,-0.1547677047260808,-1.206854868548838,-0.39183303326488833,1.4444057785473257,0.3597298594119146,0.8504983961518956,-0.25234741332357513
2012-12-06 16:00:00,0.29590134113692373,-0.48500021394317167,-0.15521405730391635,1.6910609859374641,0.7900431692553738,1.016003352498253,0.47733538846539086
2012-12-07 16:00:00,-0.4723008613648172,-0.7447297531482736,-0.820608404200824,1.674113543710125,1.0408211815181279,1.0777094457116898,0.559538360097933
2012-12-10 16:00:00,-0.40448030373022215,-0.8838428570962523,-0.5318283247931659,2.3592006169193613,1.9574381373948302,1.7633515945406508,0.9768761297152371
2012-12-11 16:00:00,0.16580988397959714,-0.6076143434224335,-0.11474274018748876,2.289607047954711,2.742116284175001,1.6695655220935766,1.578974727751399
2012-12-12 16:00:00,-0.1194729661865671,-0.7909702728341147,-0.5399625333695324,1.8379451373863605,2.5952035885624656,1.5391104788921794,1.4895723635334823
2012-12-13 16:00:00,-0.8830590417291164,-0.8508388932350267,-0.8568899753385141,1.1075229977705598,1.9705647117648575,1.475591686010109,0.7994172602592008
2012-12-14 16:00:00,-0.9430418618751194,-0.6651958483189113,-1.04320220009057,1.2263752462404438,2.1482570982112987,1.3479137321004266,0.6987026860717903
2012-12-17 16:00:00,-2.376118177681903,-1.6078253055322127,-2.2117488102589977,1.4198293303836416,1.899677440695545,1.0012335303066124,-0.40976626426914026
2012-12-18 16:00:00,-2.1060761117658426,-1.216397829317967,-1.8977132046201877,1.1140268695329132,1.1072569334188918,1.3659223649936905,-0.5887872436399199
2012-12-19 16:00:00,-1.2059772974798784,-0.25546667580691435,-0.8884061341395081,1.6087414789359975,1.8648175294646474,1.555163529950379,1.375848464743052
2012-12-20 16:00:00,-1.7369983109697433,-0.6129840240803921,-1.64400263818944,1.0974056972555517,1.8194922316649904,0.9006202036757492,1.0302322075265722
2012-12-21 16:00:00,-1.175419330576275,0.3542951176260551,-0.784877839551618,0.9523270972159762,1.8438321014988344,1.203086905030064,1.6612619842870782
2012-12-24 16:00:00,-1.1377272260755276,0.699972553324948,-0.7496114038435873,0.8620763604403144,1.6115862683794453,1.0893379781191972,1.5498652421667314
2012-12-26 16:00:00,-1.0314301011838263,0.9200300195640231,-0.6711907473290941,0.7862189343358688,1.4280531720194662,0.9881344400330361,1.4131296543705452
2012-12-27 16:00:00,0.16443088569596873,1.22543737933123,0.525577659275003,0.9731221360455782,1.3558250746812746,1.5433302083053642,1.7901295969218554
2012-12-28 16:00:00,-0.31865698460385056,-0.19423574192665885,-0.24511255026405013,0.5148501279706329,1.228186769374871,0.9402874830641373,1.0776404884819855
2012-12-31 16:00:00,-0.28863158090512075,-0.22106771269629363,-0.2510395238554549,0.43822991060106264,1.130430041687358,0.8626914290209057,1.048640291182473
2013-01-02 16:00:00,0.2807014894401257,-0.04913829621341251,-0.18958186435673013,1.4511062717803747,1.4572932485192538,1.2393008604422335,2.0299330527524284
2013-01-03 16:00:00,0.07358339176298621,0.21309877959800091,-0.2664244859418042,1.2972672304281754,1.457984064338813,1.5706137821951485,2.070728610920107
2013-01-04 16:00:00,1.1675622170197815,0.968651319486698,1.3267366824702373,2.03035319071434,1.658753377074917,1.6947412805240516,2.2429552585915467
2013-01-07 16:00:00,0.8707809028512725,0.6924559683754316,0.6091243913794411,2.2053937501079055,1.996464055348003,3.0866868617898224,1.9779282615126588
2013-01-08 16:00:00,1.0192329380156961,0.5193419762815752,0.4642415308736508,2.522538172803344,1.5993171530323966,2.7792480837172358,1.9271572389244866
2013-01-09 16:00:00,1.0030118155276453,0.1643352167661062,-0.12654707235281265,2.5196672017523305,1.7915455053187135,2.730610861029127,1.6675057131280175
2013-01-10 16:00:00,0.6763992992588961,0.01742444769388527,-0.25414392540782343,3.18406690340005,1.518411481694232,2.8510201925454752,1.4899050039385857
2013-01-11 16:00:00,0.6563615437930893,-0.9510164568258129,-0.8426740042951479,2.439558529798207,1.1209582494558266,2.115800228553587,1.1677750897946098
2013-01-14 16:00:00,-0.9444159027567514,-1.6000733666390832,-1.9402360063110238,2.0683768811626217,0.5311992918408658,1.7472930457664686,0.7640033219024581
2013-01-15 16:00:00,-1.4565776583665961,-1.549364604316802,-1.9562150037986583,1.8048664470518443,-0.05823036794913659,0.9076743581112633,0.3086076265918907
2013-01-16 16:00:00,-1.1326849411866582,-1.5503322326559623,-1.1939077959746656,1.559844240573244,-0.28466558690920385,1.1054958204788696,0.3536499054705193
2013-01-17 16:00:00,-1.4549778727971627,-1.831811250982426,-1.386181500214484,1.4567041035596526,0.19873965008818717,1.1763329209461748,0.25064307887934495
2013-01-18 16:00:00,-1.7216781507742525,-2.038236325217377,-1.6661340352950862,1.4073713152604033,1.024922911810093,1.5572038562652337,0.5378435611646508
2013-01-22 16:00:00,-1.186044948311153,-2.3843851420906077,-1.4718401101261327,2.0782590641038947,1.3303517090261014,1.3990685118263124,1.1809007981136468
2013-01-23 16:00:00,-0.3578288458367194,-1.4111705254118339,-0.6224009135809723,1.9843597067121175,2.1629861375764996,1.6729474760485123,1.7790390161657605
2013-01-24 16:00:00,-1.0749816874986735,-1.2677877871285752,-1.0814270592841877,0.3253986672925568,0.5549317964573665,1.3269776699958489,0.5110230253198732
2013-01-25 16:00:00,-0.5487668754363879,-1.2405622953263982,-0.6733008850971135,0.8421410308212527,2.0328775326135853,2.5520544256351823,1.3857355163257943
2013-01-28 16:00:00,-0.9738210020837879,-1.4160308142525488,-1.074217081523569,0.5336962682568457,2.5751342030600117,2.5089839789851505,1.1543146963904527
2013-01-29 16:00:00,-0.9606087681388524,-0.9900593223958816,-1.1139663257708712,0.3913576469546051,1.5121889465261988,1.891343354741339,0.8256647885540496
2013-01-30 16:00:00,-0.8167268451450179,-1.1762154322931027,-0.950634983248298,0.5314192213734997,0.7678360453334899,1.6511955144551058,0.49451107909493136
2013-01-31 16:00:00,-0.932008475545486,-0.9706390983818622,-1.1682886971646662,0.11109098218118381,0.30318110565282924,1.319473152983742,-0.1754468054177366
2013-02-01 16:00:00,-0.7808101983598663,-1.2474848126984184,-1.028170657431811,-0.01890078972133591,-0.3440559869741489,1.2481957494603646,-0.8124176775190646
2013-02-04 16:00:00,-0.6374084899385785,-1.3517616322933073,-1.0966420899363833,0.8598376677439968,1.0855663916809202,1.1170890639537823,0.18684844505240494
2013-02-05 16:00:00,-0.33044727612562286,-1.1656781993771144,-0.4512282203212631,1.4719470652695341,1.2886158522226645,1.0322886684388597,1.086988056084406
2013-02-06 16:00:00,0.6492880022385146,-0.9943218884193771,0.5825040176816415,1.1573061458221456,1.3131850979019577,1.3650191757926216,2.0498942699902556
2013-02-07 16:00:00,0.46363955485765085,-0.9501370408936449,0.8968342755833514,1.2224294593626825,1.3632718805878459,1.0777466097903197,1.9896787225140646
2013-02-08 16:00:00,-0.09785815696712323,-0.9422362540445672,0.24554534554387808,0.059283980222905375,0.8325957597989836,1.0066670413672822,1.0825500206777214
2013-02-11 16:00:00,-1.2218707424278594,-1.7366790185589633,-1.2535980048154203,0.4143972265474204,0.39704392450649656,1.117086373000927,0.5656965904624289
2013-02-12 16:00:00,-0.9272050127127959,-1.420683413958774,-0.5545176734811195,1.0403039217230277,0.7043949940220596,0.9820274941475345,0.9078199950857386
2013-02-13 16:00:00,-1.8449297059025327,-2.2025033126409017,-1.2785322744820704,1.947986243478072,0.994434491831671,1.1164518086996758,0.9866309703484661
2013-02-14 16:00:00,-1.870404421084243,-2.455139082933365,-1.6094238225733761,2.3843663291414905,1.0292144065056295,1.0460657004396627,0.8548437751691103
2013-02-15 16:00:00,-1.4028151543653409,-1.8856455389627857,-1.1129718370620738,2.5922058321775703,1.0637963491695215,0.49926587060085376,1.4449985068551017
2013-02-19 16:00:00,-1.4860912204449503,-1.5328607982311886,-0.6436038903140338,1.5837450559170811,0.7145962773360826,-0.5099944053081544,1.1276278348418758
2013-02-20 16:00:00,-1.2182772297525786,-1.1124030442361088,-0.40180817948472636,1.5232778057192546,0.49251141623467604,-1.3999861987910125,1.0809542070514095
2013-02-21 16:00:00,-2.229414688897357,-1.279130179726198,-1.2484270938314872,0.6798231440830724,-1.401784485415019,-1.6658029956817446,-1.2086786242603382
2013-02-22 16:00:00,-2.2962053755582486,-1.3007222269615715,-1.255052896874308,-0.22631445997077645,-0.9584487268708222,-1.6831389986797785,-0.9748571850828438
2013-02-25 16:00:00,-2.4394229618833,-1.8129944001207419,-2.2910101805660554,-0.8596287202371958,-1.0378826746633059,-1.8714174274521356,-1.4795326473578514
2013-02-26 16:00:00,-2.3153591179336726,-1.4833674963838097,-2.3830584014369696,-0.1373305080576949,-0.6448346167343373,-1.6872118312802673,-1.4934259204795395
2013-02-27 16:00:00,-1.6041445449825427,-1.7282116502595553,-1.089304869149547,-0.24633581607152397,-0.7960784077563134,-1.4892376429510714,-1.0840864666722247
2013-02-28 16:00:00,-1.2382803135895422,-0.9335820905194749,-0.7427454075155449,-0.9606877463723625,-0.932603961347463,-1.5450300106321797,-0.6935393885146592
2013-03-01 16:00:00,-1.359735893847727,-1.7079460022127715,-1.4812188729785416,-0.9276704810005838,-1.0109189943152386,-1.449185883606222,-1.5412428203467128
2013-03-04 16:00:00,-1.609976483982327,-1.7955265882947242,-1.900702869166259,-0.8525709271984602,-1.9092514603692687,-1.5720114564193985,-2.114400858084131
2013-03-05 16:00:00,-1.5832784947822076,-1.8149574774514161,-2.093657573400707,-0.005938973326520405,-1.2634779499530016,-1.609569881201125,-1.9064452882871612
2013-03-06 16:00:00,-1.3126859227866878,-2.055941090779429,-1.7704500610310536,0.13062831677671283,-1.2766052413898228,-1.7236162855282264,-1.7735957172907042
2013-03-07 16:00:00,-1.5995802635528924,-2.18623801141035,-2.196543454977852,-0.8095219906859206,-2.037504743666931,-1.9040027358744458,-2.223969959259179
2013-03-08 16:00:00,-1.2600844575041026,-1.7969978085866953,-1.692417086856074,-0.38892376512664467,-1.8199526516844993,-1.8475017140518522,-1.5604369818056028
2013-03-11 16:00:00,-1.166311690295687,-1.4013329452438976,-1.6685331490384887,-0.7259716624245333,-2.390827531989249,-1.623607456538184,-1.7971472915321474
2013-03-12 16:00:00,-1.190900200323323,-1.494852224264994,-1.5325697515707415,-1.1156331300180842,-2.020878761858906,-1.2280937572212036,-1.4846214526520412
2013-03-13 16:00:00,-1.4183985178667158,-1.5894723730144367,-1.5150312486558737,-0.1134781573941759,-0.9226894246744757,-0.7523050666618154,-0.7316614592267658
2013-03-14 16:00:00,-1.6544611049740654,-1.4568191393758436,-1.6873213296458358,-0.2970686109516139,-0.8670704741442633,-0.49739519349418876,-0.7809413244277108
2013-03-15 16:00:00,-1.4349413311414236,-1.4071395764470558,-1.0615553572980418,-0.33937319817098704,-0.8528139426148716,-0.33376585550167603,-0.8886056076903801
2013-03-18 16:00:00,-1.3307445748653484,-1.2669530592189824,-0.9633241542706346,-0.24329915469831342,-0.7816632038162743,-0.24132265926087332,-0.8176082071903042
2013-03-19 16:00:00,-1.7072527630859424,-2.0293278816990465,-1.55888969398811,-0.6906454592932381,-1.98757804340579,-0.6616277090882765,-1.8475599021253764
2013-03-20 16:00:00,-1.2152415826294678,-1.5685421387321676,-1.1684992082273915,-0.7100378733874078,-1.906292479238666,-0.35466419095664703,-1.6019338188911698
2013-03-21 16:00:00,-1.2209191224314924,-1.3008067998299462,-0.8945849635863417,0.7648389982090623,-1.5393463666253961,-1.0827308117317171,-1.4378485937381429
2013-03-22 16:00:00,-0.868822923924972,-1.1920763277855602,0.5533216488891676,0.7378685465854189,-1.0008410818144111,-1.207053425603212,-1.1584583504153247
2013-03-25 16:00:00,-0.7849747250025058,-1.087059579705544,0.6140063382595158,0.6607944357190427,-0.9066606877424049,-1.1073263135742129,-1.0556156738795708
2013-03-26 16:00:00,-0.9867077588045207,-1.0017711770848992,-0.10969213937458669,-1.1647977104636194,-1.7040462390750117,-1.272095582727298,-2.123233015281451
2013-03-27 16:00:00,-1.1929386111446354,-1.1643146780596199,-0.05340430863667061,-2.230742677331955,-2.008065041263906,-1.6875241218542203,-2.5359577906779034
2013-03-28 16:00:00,-1.0452859425615095,-1.2664547664342398,-0.7282219697858823,-2.6220361803321346,-1.6716752798932557,-1.167561215035059,-1.8827084686526134
2013-04-01 16:00:00,-1.0028754406594007,-1.1972802938209834,-0.6724427832027153,-2.184434773639362,-1.5196346725665852,-1.097512403862561,-1.6835136642827238
2013-04-02 16:00:00,-1.656882153494757,-1.5667068137927005,-0.9096719524796499,-1.5733805556540563,-2.21345882741121,-0.8561898378156954,-1.7775034723647258
2013-04-03 16:00:00,-1.8256624489223623,-1.8764278046929332,-1.4133926659460523,-1.2645722408142483,-2.3014555467089792,-0.6899272671820256,-1.8629623603074983
2013-04-04 16:00:00,-1.6818109634358065,-1.7814297685891887,-1.394040169221256,-1.8270225411578875,-1.6697006685496538,1.5303174542255313,-1.5920549166809053
2013-04-05 16:00:00,-2.0054667674887896,-2.2103308448004038,-2.1151429403110735,-1.5989126740163226,-1.8175903294758893,0.25798639694046904,-1.7394674385667146
2013-04-08 16:00:00,-1.4998443095119574,-2.3374256879820257,-1.6448019098960296,-0.9300425490080302,-1.4839825560947826,-0.438102523933473,-1.4184206228017546
2013-04-09 16:00:00,-0.9239059924265041,-1.987805670471215,-0.17868188139741162,1.650876219763811,-0.46877296351253345,-0.46826240280141546,-0.4162714428735638
2013-04-10 16:00:00,0.48709433377164923,-0.5922519474856025,1.4006273452446634,1.6040811444951508,0.032505239753724484,-0.062033216705934376,0.28652997446193484
2013-04-11 16:00:00,1.7324276270675005,0.4628892878565668,1.7826445408026321,1.9474415595480994,0.5065074144319313,0.687503490015993,0.9327190179994553
2013-04-12 16:00:00,1.5751756729906226,0.02650782657078548,0.3124451969086549,2.061685543359528,0.5894114337570202,0.43179897873502154,0.9213656920167383
2013-04-15 16:00:00,1.4571684667649298,-1.1857576439633268,-0.5692728052722235,1.1580432038201032,0.4024923296305266,0.43186365855225106,0.8270051259610268
2013-04-16 16:00:00,0.48063028314759887,-1.5459592547634884,-0.8619413779024344,0.8798077475429555,1.1056699451586869,1.9247018623050047,0.5917834881712927
2013-04-17 16:00:00,0.5694838705966044,-0.7579985603894193,-0.44117311005050064,-0.044929704532516046,1.4443587076969906,1.7460294121851812,0.8759078708655509
2013-04-18 16:00:00,0.690312648210795,-1.1348517465059382,-0.2683636331586995,0.8827644537359564,1.5372872628773304,1.6461759880637479,0.9123155849862531
2013-04-19 16:00:00,1.4973903518420026,-1.125044629388591,0.08492358731397039,0.8432736224231819,0.9852316773242688,1.4619026143848848,0.9819841467568942
2013-04-22 16:00:00,2.6885104089654996,0.1330392924808842,1.5240615512506963,0.9345727445427029,1.1779512890937582,0.9328999191947175,1.480354949324839
2013-04-23 16:00:00,2.1428784447680544,0.0553956837073217,1.3832535988706334,0.2997686161740748,1.0986073515173904,1.2216548831353735,1.3464911753279112
2013-04-24 16:00:00,2.1244272483837263,0.49060926763093704,1.4956744665725425,0.44759572077445586,1.2076061308905588,1.1036733348452705,1.4226536756987385
2013-04-25 16:00:00,2.5068725543324346,1.771348950570123,2.6152622669808396,0.38999475405085476,1.6453815988262128,0.6607625643401591,1.744371525361032
2013-04-26 16:00:00,2.1865805169802313,2.206452057943474,2.004199831950912,0.36700513895135595,1.0743159719859459,0.8901444349478002,1.4680231506162622
2013-04-29 16:00:00,1.4167021196591334,2.0785637800562586,0.7399895463594206,0.24312112867330074,0.809306615537755,0.8161064446412715,1.4928993586612127
2013-04-30 16:00:00,0.632194967038926,0.45226266586723296,0.14583607660648906,1.6092707624157607,0.7943674957482563,0.7452524760073514,1.189420935002437
2013-05-01 16:00:00,0.5597010328995043,0.42794867853462576,0.09764141696723719,1.453450671410692,0.7244625828273029,0.6804230915188826,1.091377495693254
2013-05-02 16:00:00,1.403767092095663,0.7757728300477632,0.7218503321353674,1.3812687517698983,0.755876577642325,0.2149422375352352,1.2433414123589754
2013-05-03 16:00:00,1.2906850657583697,0.6993063859897133,0.6474835230211357,1.3704865069535563,0.7198073044998191,0.15723655180948262,1.2126990757479332
2013-05-06 16:00:00,1.1920597975538605,0.6231000585392399,0.5743264284066821,1.3798270671320412,0.7378106405812992,0.05158845514165574,1.2423740996123271
2013-05-07 16:00:00,1.1012627840284495,0.548203005447079,0.5049625503069742,1.23964468780164,0.7037995788034845,-0.09625440648405668,1.1889430410941664
2013-05-08 16:00:00,2.268269256503514,2.233280751541385,2.265421034821762,1.9289772881574063,2.526444315176034,1.6358090747362712,2.562403797537006
2013-05-09 16:00:00,2.2954117652384936,2.5507600187857986,2.131440092219459,1.6189907194221063,1.8355321503423208,0.621492787524767,2.4629262407507633
2013-05-10 16:00:00,1.3250283980495323,2.2717297900815994,1.675046462571727,0.5436323826724869,0.773511208842464,0.3181196975605752,1.5812403618089141
2013-05-13 16:00:00,-1.8002303073515602,2.499439720024863,2.848058973308605,0.853874713243704,2.1630194286314515,1.585338937139035,2.0883607286029804
2013-05-14 16:00:00,-1.8016916899264714,2.2101992544106785,2.707315016414117,0.9339715298635358,1.5909309894746864,0.49200173911207357,1.961117535541754
2013-05-15 16:00:00,-1.565644653815223,2.2253951047013247,2.8968789711606626,1.7979370863853248,2.2895625144903438,0.6614533433665426,2.270087002339634
2013-05-16 16:00:00,-1.5213552863833257,2.56513748003059,2.8261392925151605,1.9007471070953628,1.730835786085561,0.48023324929350447,2.258391403898019
2013-05-17 16:00:00,-1.5656999209719233,2.794594792903091,2.6813079698487936,1.892951048282617,1.4051175081661034,-1.893873399522442,2.230534094666746
2013-05-20 16:00:00,-1.408388786337107,1.7494513494535973,1.0587289976192826,1.742501401134633,1.26589712577896,-3.181905901406341,1.60894784122902
2013-05-21 16:00:00,-1.3058466181505737,0.5251589719858091,0.2513491931779838,1.1392875552467097,0.7986610200329968,-2.8191299031951895,0.8003133487930431
2013-05-22 16:00:00,-1.1577774136018353,0.16122912593357083,0.10621234778897486,0.35751855723874776,1.1211201823328,-2.534369085641715,0.5594416730321853
2013-05-23 16:00:00,-1.0991535420689729,-0.27321039721421453,-0.14181093970978242,-0.06497954413065833,-0.028643080837975624,-2.735296962348728,-0.04807987316229431
2013-05-24 16:00:00,-0.9144653870890008,-0.29519575510512247,-0.4954211351808206,-0.7334479022234502,-0.33360349027182373,-2.1493164208563393,-0.15153019841666127
2013-05-28 16:00:00,-0.6687561767460904,-0.31484402652182963,-0.5958867169394965,-2.0938095036204,-0.6265211802723396,-2.1609910403635313,-0.2276366616094685
2013-05-29 16:00:00,-0.7509064531162492,-0.3655313677456875,-0.7130426070801814,-2.0298619300626033,-1.5297207616279829,-1.8420499900223621,-0.6599172076395504
2013-05-30 16:00:00,-0.6367601121407926,-1.632677627394072,-1.2574262344077778,-2.272390088588538,-2.045161801749997,-1.6365849401006158,-0.916355119554515
2013-05-31 16:00:00,-0.4029672565791102,-1.360417882451132,-1.106939515548248,-2.3209050573457586,-1.6227756627433156,-1.4481265231465525,-0.5318009800896826
2013-06-03 16:00:00,-0.4543123957597046,-1.4617653443529968,-1.2026965178208016,-1.349351946233034,-0.8575026960708463,-1.347157698499883,-0.7183245697036675
2013-06-04 16:00:00,-0.5041860648503835,-1.414521717758344,-1.0703670317391856,-1.2918738591094037,-1.0434644881873014,-1.3119551178196094,-1.2297744903372938
2013-06-05 16:00:00,-0.5240364119429884,-1.3064831930646708,-1.040563499564791,-0.9571610846690993,-1.062679783702174,-1.3279925181700714,-1.1614515422554164
2013-06-06 16:00:00,-0.5220473503753109,-1.2590224923896645,-0.9789572079909173,-0.901203752035363,-1.1023586595862966,-1.427470197339568,-1.2295624331293098
2013-06-07 16:00:00,-0.6158962302776274,-1.1816095127789317,-0.9182168844367042,-0.5918602327972544,-0.5057017997692945,-1.1916164630604529,-0.972005140974023
2013-06-10 16:00:00,-2.185511929854347,-1.102967558394043,-0.8646517562505758,-0.8273136127874846,-0.34365709941060646,-1.4525559031758104,-1.5083832643650168
2013-06-11 16:00:00,-2.854599795985054,-1.034533604909378,-1.083878051133142,-1.3548094969855133,-1.2821819618855343,-1.1879714823316063,-1.7992870584530365
2013-06-12 16:00:00,-2.28107276044444,-0.909293052261817,-0.9930324716017167,-1.2451189536620988,-2.140278638032976,-1.6177514154816865,-1.8776105428424024
2013-06-13 16:00:00,-1.6145242078137896,-0.7824607218687086,-0.8649925388759068,-0.7961922040836392,-1.2907435631582145,-1.5670094684787126,-1.39890798851151
2013-06-14 16:00:00,-1.5448285676140505,-0.7750013625962149,-0.8240675867188451,-0.15573149385519114,-0.9323272776970052,-1.5936671621061247,-1.077513839756011
2013-06-17 16:00:00,-1.3772997111586547,-0.7485165152585417,-0.9360611591906203,-0.05874484789183045,-1.342599592614562,-1.3316351407659066,-1.167970193236241
2013-06-18 16:00:00,-1.3420913492911017,-0.7496804386195457,-1.0552623175769127,-0.4504866982376981,-0.7619816768382864,-0.9283831592770148,-0.9368186553333213
2013-06-19 16:00:00,-1.3093536177494987,-0.7091467623177773,-1.0244398168490654,0.21575532422300184,-0.3689218925152138,-1.0558225866986755,-0.9620976713557204
2013-06-20 16:00:00,-1.1789177880625947,-0.8002032755200145,-1.0926565405690667,-0.4776646161932661,-0.9944458808880512,-0.5073106013777133,-1.456083479033501
2013-06-21 16:00:00,-1.2577535168557932,-0.9481473867985777,-1.268786951904931,-1.6161007491742259,-2.332584698391519,-0.8086419490700935,-2.024641863345066
2013-06-24 16:00:00,-1.1332313184303349,-0.9084558446998273,-1.2192364422369824,-1.5853140317859769,-2.0178462438060065,-0.7341329160166525,-1.7812601633195262
2013-06-25 16:00:00,-1.1317250266193912,-1.076241846863042,-1.0150339463300384,-1.5902061186165204,-1.4270934784321436,-0.4461294898374815,-1.4884115716976052
2013-06-26 16:00:00,-1.0251240644249588,-1.5905841788859503,-0.9874247774770964,-0.5331594741892167,-0.9363082281122813,-0.5963691240536726,-1.4293921215047192
2013-06-27 16:00:00,-0.6265247673855617,-2.337015797248049,-1.2684223727049388,-0.5520470896502565,-0.6329789519929306,-0.46064248785503326,-1.4266720687887602
2013-06-28 16:00:00,-0.3151371735789855,-1.9690539022141644,-1.0974256808173957,-1.0366791717249308,-0.21663279348790376,-0.3813109890659641,-1.023113098074756
2013-07-01 16:00:00,-0.21771361869642314,-1.7711437923649045,-1.2750317944020781,-0.9439014863539943,-0.2775179220596162,0.1854049621774044,-0.7961691205324478
2013-07-02 16:00:00,-0.10668793315407603,-1.677679708346709,-1.6251871091426768,-1.117437893680412,-0.941149936392639,0.24980286499761978,-1.0733610756350502
2013-07-03 16:00:00,0.023577120942702465,-1.683312456149639,-1.6969677245506287,-1.1516607770516185,-0.6374377532586668,-0.2585928719334522,-1.063739742984717
2013-07-05 16:00:00,0.19433883836674506,-1.5031168517645555,-1.608060242865434,-0.5674316914769377,0.3576017882219333,1.9194801682375624,-0.5459537313612634
2013-07-08 16:00:00,0.8193103447032686,-0.9560372421211144,-1.4751014801623135,-0.5731082734312306,0.9871609481737608,1.798695220029017,-0.013962781009941682
2013-07-09 16:00:00,0.710733587177741,-0.6209331601103624,-1.6167393383348891,-1.2580419926055206,0.3015965311696411,2.0361886264547118,-0.4626596105423306
2013-07-10 16:00:00,-0.3422050604930211,-0.7267304531364873,-1.5537787091978845,-1.7504725782165949,-0.6582637542906293,1.8365641781043622,-0.8451019307098495
2013-07-11 16:00:00,-0.8288580395405979,-0.6230291260314235,-1.4633674612545762,-1.6015894553477097,-1.0472547642923529,-1.4614815690937142,-0.9355907702139722
2013-07-12 16:00:00,-0.7466492013888328,-0.6913784885237878,-1.0195738856213885,-1.3610253329425048,-1.6623839788343295,0.5789041661251978,-1.1568987713574341
2013-07-15 16:00:00,-0.67195305828828,-0.6610740025935892,-0.975672209753501,-1.9099349750961672,-1.9460563493612586,0.5038098954348343,-1.0570643239197184
2013-07-16 16:00:00,1.404662565550195,-0.6059075337744396,-0.7588717020961496,-1.3796300691144066,-1.043326467294515,-0.21661395038763548,-0.5048866555007886
2013-07-17 16:00:00,1.2932114418449625,-0.6718119687700436,-0.6323701767728359,-0.08444437452947037,-0.5272364644333827,-0.3371124423546989,0.10515960505545012
2013-07-18 16:00:00,1.5727121235002868,-0.03188251934063257,-0.4507686372980082,0.46291878672368836,-0.4510584099293439,-1.2233516560514364,0.9719346732692022
2013-07-19 16:00:00,1.4004607536691034,-0.09182744126157272,-0.7166458689226843,0.6840609448543469,-1.0328009484479799,-0.18616425654350885,0.46941894438346327
2013-07-22 16:00:00,0.8722960930373913,-0.02143231262602976,-0.5217895454120798,-0.0844088907791433,-0.5010108777180179,-0.3186325745388718,0.8257490200361175
2013-07-23 16:00:00,0.35303763044772557,-0.047039846060212435,-0.6347430804479551,0.7778250378539773,-0.6599756743181875,-0.8682867216998817,0.7428261674237406
2013-07-24 16:00:00,0.2662621309674956,0.3058195304540021,-0.7076211909911834,0.7304154697100071,-0.9953866327850904,0.5539829087490613,0.6902831616591192
2013-07-25 16:00:00,0.16110954084915735,0.3022855536531548,-0.23309976637433885,0.38170888747743137,-0.857290519214451,0.06801008692232523,0.8512828433440474
2013-07-26 16:00:00,0.724490058414152,0.5219553884560361,-0.01708503834894265,1.1012030009293152,0.586273458257813,-1.022820537885026,1.9276404291369609
2013-07-29 16:00:00,1.258305739203147,0.35171363129999283,0.5350482860795289,1.063304231219024,0.8739883947439256,-0.9825963609398084,1.976467291980256
2013-07-30 16:00:00,0.5918669066041549,0.8451093701154208,1.1071614388129767,0.6911477502923511,0.15863657495644248,0.005460667494172352,1.4974676513210998
2013-07-31 16:00:00,1.1124030442291921,0.6273248460062733,0.9245572812907142,2.0193892624360363,0.885672375006074,-0.4076606654584813,1.981291230676569
2013-08-01 16:00:00,1.516848893185776,-0.3602826483163866,1.107055788596284,2.4440891180032103,1.2341705926259159,-0.5235261592021383,2.3148083731137445
2013-08-02 16:00:00,1.358443844568743,-0.25047854728419244,2.813875803464851,2.2437251411203576,1.4822450836059988,0.20841728480689553,2.3221809461996914
2013-08-05 16:00:00,1.669523777802167,-0.25804846897264305,1.848832676709995,1.1338900630017668,1.6113237738197075,0.8448783902504139,2.0349452757173383
2013-08-06 16:00:00,1.476877083330385,-0.9304770794895759,1.900740291809824,1.620904320479312,1.849016071100637,1.002826915644194,1.8315817374266494
2013-08-07 16:00:00,1.3339410270638372,-0.22523886668577758,1.827068526205076,1.6542265877599525,1.7197276801535877,1.2246565996541714,1.6535969049960701
2013-08-08 16:00:00,2.0119265159324904,2.3329070083313304,2.0757603045093607,1.5000130493220276,2.2482897187287176,-1.150714370777202,2.0072033205878776
2013-08-09 16:00:00,2.1913315555978548,2.4711903274877383,2.221566629505491,1.5759767657009551,1.8494587118703454,-1.7682184163440688,1.9150374778897623
2013-08-12 16:00:00,2.344446325125275,3.6904282281007017,1.574961413836878,2.0691060996157717,1.9007468369307219,-0.9968170779412835,2.0175986181214505
2013-08-13 16:00:00,1.9692463463084087,2.3195943506415566,0.8085309153751155,1.8793798100555708,1.4266083091043922,2.4740652726145487,1.4741430085278748
2013-08-14 16:00:00,1.9810285914524168,1.7163865483495715,1.2147222978704615,1.8799402009873087,1.134334748621733,2.13856815406713,1.2430476130331258
2013-08-15 16:00:00,1.711506227712288,1.5205804844026902,1.101101165758151,1.6452478815116378,1.0254898693759653,1.847505987438211,1.1223871508644607
2013-08-16 16:00:00,1.7506651721388564,1.7749491935889128,0.8820643676652027,1.254650975893327,0.9366258480539934,0.7871653479027487,0.8777178553507121
2013-08-19 16:00:00,1.0457615713977975,0.8928095683611939,0.046890963501242194,0.6428345046508507,0.22793741650380883,-0.3046283066019406,0.24927378246046258
2013-08-20 16:00:00,0.6727250962441418,0.34438387332557985,-0.44409911333649416,0.36322817203339663,-0.8326748037480665,-1.0546827286908553,-0.4479703730046055
2013-08-21 16:00:00,0.2925664124137666,0.4557936368278318,-0.43733204848110624,0.3400688222996934,-0.9667550799532467,-1.0540925533895436,-0.2868591061568542
2013-08-22 16:00:00,-0.4563288913359622,0.7130459073714152,-0.8456841358174956,0.7288378962597506,-1.4231386388624867,-0.9701005873702212,-0.5417379858199619
2013-08-23 16:00:00,0.5217491947487386,0.990314342736254,-0.24678924936597393,1.1337582950358176,-0.7311853627036314,-0.9602261559916051,0.1301618643465408
2013-08-26 16:00:00,0.4491617599827991,0.7005752755718929,-0.3170640139790437,0.717254620418539,-1.0457022178320456,0.6039650479429175,-0.1776012715973808
2013-08-27 16:00:00,-0.8548504142625709,0.015269474736118751,-1.1348697136821588,-0.16726926312770346,-2.257016835892236,0.37536174605262607,-1.5122011009822385
2013-08-28 16:00:00,-0.09335735820072423,-0.03355912881542023,-0.6510804436399013,-0.2812963723339013,-1.9934784988111622,-1.3572287759314372,-1.5537415615172783
2013-08-29 16:00:00,0.2984334096565982,-0.06940492340088869,-0.10500445203693372,0.08986942943200202,-1.64172983305971,-0.1035138048922469,-1.0259872955229394
2013-08-30 16:00:00,0.7213342258339767,0.8065991305461817,1.2017641836429525,0.8534673544250342,-1.6540517821128862,-0.9148068892967854,-0.8029809551568428
2013-09-03 16:00:00,1.1460030034863582,0.929035993192398,1.6339429903048275,1.012961882105159,-0.7875276653179077,-2.1622047498914196,-0.0314220101869336
2013-09-04 16:00:00,0.5251727826247523,0.06919384302704921,1.4567221562716013,0.4609811816426521,-0.44212233439655524,-2.4586840978576014,0.11609114806571513
2013-09-05 16:00:00,1.0322054019174223,-7.963067017631212e-14,1.626139568699832,-0.02807612290194378,-0.21757714548902896,-1.2126897130683045,0.38076481047528715
2013-09-06 16:00:00,0.9340497736099768,-0.104172814351341,1.8855117711533376,0.32965748690718016,0.07525960180080092,-0.6397157450448587,0.6426509018196794
2013-09-09 16:00:00,2.848771615559474,1.706894532032637,2.968519687567549,1.10327567598321,1.1293550069964737,1.166076298245756,1.797917822146673
2013-09-10 16:00:00,2.28486634426053,2.5746981669288482,2.427842116666499,2.1313690029170504,1.2682745921282257,1.537203933289265,2.117980594133984
2013-09-11 16:00:00,2.1794494717663953,1.3265510299411738,1.8879216009438045,2.0874313505619004,1.496221767994939,0.09389489215796339,1.843431520511647
2013-09-12 16:00:00,1.8684765422396765,1.4573566798285205,1.7152447658389933,2.3296620089235236,1.893030770417091,0.7785334360400862,1.8400605384584643
2013-09-13 16:00:00,1.4076486713180012,0.8992876015965603,1.1159882475655107,1.9456332160286893,1.5103371130955403,0.965915279600547,1.5950639737335612
2013-09-16 16:00:00,1.0492678789800343,0.5756325589241138,1.2194686096143865,1.6688288117337597,1.4107811641190358,0.8988378296282822,1.4590743652128566
2013-09-17 16:00:00,1.4223619304485562,0.7152700418872608,1.2943828683164724,1.0048641862811512,1.3330098423933452,0.6667366873508556,1.4756324735958006
2013-09-18 16:00:00,1.273118707222318,0.4364447085489446,1.1051825964189943,1.4360444596195185,1.507785842214882,0.9152026563867471,1.2790890266851902
2013-09-19 16:00:00,1.3631667277117956,0.8523371379397345,1.1992189260945447,1.6656686257389723,1.6476744771108354,-0.0749376307402877,1.4492197218864966
2013-09-20 16:00:00,0.3036348017385269,-0.5652488216244397,0.31610227201220625,1.23937424376736,1.1084375193846676,-0.46197492335111595,0.5184617494762446
2013-09-23 16:00:00,0.49957763776768865,-0.5387645000500677,0.2459868983097784,1.547318741447175,0.8255239922518858,0.221895932540576,0.5784227595109735
2013-09-24 16:00:00,0.9418210382080255,-0.18544644826012163,0.580366853959227,1.1868594165536637,1.1342299772578905,-0.13184592743761975,0.9843618890292933
2013-09-25 16:00:00,0.6026143095136116,-0.5006843265907457,0.41635190367055713,1.7440548059494498,1.0382620825575002,-0.0996278191321084,0.9799995055610476
2013-09-26 16:00:00,1.1434985345513562,-0.03934870889588822,0.4392527553031363,1.491401138550226,1.15017861170188,0.19122168275164178,1.0197858505014459
2013-09-27 16:00:00,0.4026533996193056,-0.8824935630021757,-0.019964538979135655,1.3713167908324868,0.8359873973205968,0.31813045773189175,1.0166210608454327
2013-09-30 16:00:00,0.32210909054398434,-0.8389017334119301,-0.2791401760985427,1.0948325517299278,0.12815009094800495,-0.41859270754196,0.5695324176212931
2013-10-01 16:00:00,0.24100807322352785,-0.6923068261087895,-0.08477075966605783,1.2902735050667815,0.3243053684164641,-0.5815618862822185,0.7520930024910988
2013-10-02 16:00:00,-0.369472954258463,-0.7328167280492748,-0.7908946853329765,1.370865137596191,-0.030144698299957754,-1.1035740140421255,0.06930806966963304
2013-10-03 16:00:00,0.6426845869130561,0.1636892721740291,-1.0182107347345548,2.447427607525811,0.7685143046878388,-1.486925545641424,0.8833605586548824
2013-10-04 16:00:00,1.5145634483128636,1.6352006078776629,1.0199415559363714,2.793626248593575,2.511392466183904,-0.14481148668628202,2.6120417076119176
2013-10-07 16:00:00,2.5437375765322128,3.0301822864837233,1.8640648637128125,2.57138793715752,2.4710090223549543,1.8302777756542292,2.945136597305652
2013-10-08 16:00:00,3.2955744280381167,3.421725437112872,2.835107620975421,2.089691093622008,2.0651365269504014,3.3995969716178425,2.730858976083256
2013-10-09 16:00:00,2.271486500950467,1.918715922095762,1.9465820158219627,1.5610360197368844,1.7981093755257656,3.0392521401536965,2.166888418579637
2013-10-10 16:00:00,1.920872601913289,1.6262368081914538,2.5347489347559007,1.2872882574365274,2.2131583250633753,1.9788411069322491,2.1375511114042487
2013-10-11 16:00:00,1.393350952305697,1.2140743833005327,1.6219983606558257,1.1770841076231995,1.4304717124743886,2.4328491217451202,1.4980733047711172
2013-10-14 16:00:00,0.95687956965572,1.493570757312641,1.903428606313572,1.0123620885817304,1.7537925158665262,2.4534825041337,1.6049208569185287
2013-10-15 16:00:00,1.167024808069879,1.7779824736708654,1.9784765752870157,1.051084012091226,1.5179008117449868,2.2061643563509326,1.3512015379285338
2013-10-16 16:00:00,1.3313536429886752,1.6698892010834734,1.4077060402504804,1.2638134687325606,1.5664610461319965,1.6201898230669685,1.4058842793079152
2013-10-17 16:00:00,1.4562059312749343,1.3666314186111561,1.352341004931487,1.2517275785397988,1.527229165752371,1.521039287884071,1.4999528178936044
2013-10-18 16:00:00,1.5700120252182714,1.589060081390196,1.7889654088523572,2.0900576650655887,1.9595739429000882,1.3569494348721758,1.8498382390072852
2013-10-21 16:00:00,2.2484186932865153,2.025118018236501,2.224800095501798,1.5313280825064122,2.345639953024864,1.2849911808126706,2.141985984461979
2013-10-22 16:00:00,1.7245037093242823,2.2096773887302743,2.134812501856574,1.1017159054576295,1.7077013679309643,0.9367004010359512,1.9389875861883985
2013-10-23 16:00:00,1.1274210102981925,1.3627236494614086,1.486705509505522,-0.1479956380875789,1.0407008565257658,0.6855924976792506,1.0270917087738187
2013-10-24 16:00:00,1.0191977457501056,0.8828515667059105,1.2774486387238098,0.5961616165696294,1.8334850392958522,1.0276835332919658,1.2250231587483995
2013-10-25 16:00:00,0.9271050693002939,0.8917185791104367,0.9932837339171247,1.2734612719921168,1.5721644990742667,1.0022548130764681,1.321912894979893
2013-10-28 16:00:00,0.8443879680930102,0.8110642981436494,0.9048474127197091,1.2086248042695178,1.438358651755872,0.9144185582336958,1.2136362421503017
2013-10-29 16:00:00,0.5135657178016514,0.19456982130872844,0.822209171201706,-0.16502013494337633,1.0864171055011882,0.6550225154621176,0.6658728758006858
2013-10-30 16:00:00,0.131128067688382,0.5432114487275368,-0.37399256116492213,0.3979540858507156,1.20975526895518,0.678145621900897,0.7646704593393808
2013-10-31 16:00:00,0.37939345531886304,0.5266517114036153,-0.12608193893413538,-0.8172960722514109,1.050840700683561,0.23595232414183515,1.0387054634785808
2013-11-01 16:00:00,0.2913797662235539,0.5799436876774823,-0.5988221720331687,-0.6368775132555194,1.220086390377957,0.5594399404713125,0.6843203630752758
2013-11-04 16:00:00,-0.2769195845433595,0.23015494459305022,-0.6137496956545765,-0.9279407389303443,0.9314282569429788,-0.0835260026994697,0.1863681446506789
2013-11-05 16:00:00,-0.2769195845433595,0.16667584788549264,-1.2247913523498473,-1.084863329371132,0.5219915194087669,-0.4256596829168051,-0.6612085411150259
2013-11-06 16:00:00,-0.7804097382585028,0.3873694950740016,-1.4315071924088947,0.1065344737742706,0.8023104722129292,-0.6809598848802318,-0.08519080507985706
2013-11-07 16:00:00,-0.30652250154819644,0.8846502967543989,-0.7949680804447353,0.26045842406742786,1.3479567722671586,-1.6772037130534847,0.43786508632452964
2013-11-08 16:00:00,-0.3750125879040445,0.8349692876220765,-1.1927538029250526,0.27606618519696613,1.1653200494797193,-2.749039303114153,0.25097403649491784
2013-11-11 16:00:00,-0.5111041014032182,0.6285565858893806,-1.1308708426012388,-0.9779500866461294,1.7415641049628867,-2.4496260300980017,-0.11155925316311163
2013-11-12 16:00:00,-2.1527794730109635,-0.38986745960448277,-1.8277895398513686,-0.9610488821410966,0.45270523984366706,-2.4294654381390393,-1.861234057485723
2013-11-13 16:00:00,-1.019737645110473,-0.2933440901076887,-1.8866576832131323,-0.7747803753199162,0.6835357232463868,-2.021826895994143,-1.6701255185129968
2013-11-14 16:00:00,-0.45321673116022765,0.38389237601286785,-1.2142903178431665,-0.7223094964882978,0.642104843057788,-1.6669780963732754,-1.1954978399336815
2013-11-15 16:00:00,-0.9395730028290129,-0.3535467344128388,-1.030982925676371,-1.0518771019654924,-0.9813033565505088,-1.4728128029126217,-1.470134406675936
2013-11-18 16:00:00,-1.4701107239441942,-0.9077458623175406,-0.7243279091714506,-0.7878482500161376,-0.45192883576113785,-0.6308670553760463,-0.9820294031958556
2013-11-19 16:00:00,-0.8013605748600722,-1.220494881304598,-0.8177086541337399,-0.9060707842310456,-0.42803094949386084,0.47028271400759053,-0.6983696705177689
2013-11-20 16:00:00,-0.7213942830906476,-0.36462808936193286,-1.1603134111171023,-1.202002854921324,-1.1026112283180578,-0.29068960067317806,-0.9270259567888167
2013-11-21 16:00:00,-0.6453203515748657,1.2898127500944907,-0.8171663353125932,-1.6110581839467686,-1.246698478044612,-0.2275929725432585,-0.6678851220348639
2013-11-22 16:00:00,-0.5718266724923527,1.5185265355633866,-0.1276306602141081,-1.2023845544561524,0.1735404877302167,1.0124573471914997,0.7498431990495028
2013-11-25 16:00:00,2.0673733543951363,1.6674265230890244,0.5975537896156623,2.033215001174799,-0.16899037947587775,1.2924970052605156,2.0373556943159397
2013-11-26 16:00:00,2.4385028800885546,2.820821791199349,2.3219737597152794,-1.527534763706531,-3.062238151292927,1.2240621036713464,-0.13808568282149178
2013-11-27 16:00:00,2.041744710078933,1.7833261341760323,1.8113000669610788,0.5506179946699764,-0.3439976203048185,1.2305321746026907,0.9365789977813852
2013-11-29 16:00:00,0.7244900584150769,1.9576346330152392,2.057693055197581,2.424361314625408,0.08134873539991654,1.1212317163854124,1.602950597999875
2013-12-02 16:00:00,0.7244900584150769,1.6944186020350012,2.0437310084404468,2.5112260653453595,1.5378637990259632,1.0784285094633141,2.4124336677251472
2013-12-03 16:00:00,-1.666304308426319,0.6054536095119929,1.3282641733793499,2.5157444624410568,1.3797741795598797,0.9865864941955009,1.7748848177798264
2013-12-04 16:00:00,-1.9200634291469785,0.5340112328166543,0.8672775677811337,2.063137381328987,0.5945313705902003,0.5477011352312094,1.24653457617067
2013-12-05 16:00:00,-2.06209776465228,-0.3764191889496485,0.35276427975074476,1.37878436889278,-0.07784862748267501,0.3979890225691901,0.3287604353849726
2013-12-06 16:00:00,-1.7712781616993183,-0.3514120396328429,0.25239300150485483,0.8813491925241188,-0.08778887131507747,-0.11535286992913836,-0.10119845190939239
2013-12-09 16:00:00,-1.5544665857956181,0.5175054966487008,0.5856798211497863,0.8312526920993863,-0.3747303414358974,-0.4249572767155579,0.1815341916570379
2013-12-10 16:00:00,-1.0434364810172463,0.20678816418382057,0.7137664570903134,1.0029165493272754,0.9975611157716523,0.22943296611622707,0.732257615087075
2013-12-11 16:00:00,-1.00644610086128,0.08591774291375458,0.5468048902315658,0.662690310727617,0.545480386352218,-0.1577677836924391,0.49431970079050036
2013-12-12 16:00:00,-0.9261870705501416,-0.6857191370294332,0.2711062833160661,0.5982023349494058,1.2509834191168046,0.011910715907894017,-0.06952251221785934
2013-12-13 16:00:00,-1.7696748428507416,-0.4865406681419208,-0.22345983302944983,0.3382966504572321,0.15361688713177568,-0.2994258585842216,-1.2744914980422024
2013-12-16 16:00:00,-1.2775563006829485,-0.9855567380310009,-0.18233965885841655,-0.030380122774327386,-0.6274855156958251,0.4497699134285203,-1.492830195717663
2013-12-17 16:00:00,-1.1648554561461737,-1.1785325249765501,-0.6920207371095833,0.6535635933491455,-0.9351389009250424,0.794796748789955,-1.3743762413143152
2013-12-18 16:00:00,-1.0564359472140248,-1.6714243222020118,-0.8742813140460249,0.039055781204312336,-0.988354277969236,-0.013549562595862192,-1.3164178008929672
2013-12-19 16:00:00,-0.9600362068446517,-1.5608366315256832,-0.5293680702111124,0.19337193579831896,-0.7958307064882347,-0.978066357310853,-0.9158554853866961
2013-12-20 16:00:00,-0.8727142280984928,-1.2520871453000892,-0.9850873069043903,-1.647333402640611,-1.959309126410192,-1.217083720270813,-1.7759603847582761
2013-12-23 16:00:00,-0.7923044948800709,-2.0232242321187646,-1.46561770051631,-1.2816828214834148,-2.2605657825468364,-2.398071179561413,-1.8098396419088445
2013-12-24 16:00:00,-0.7157631666858143,-1.7423550397016367,-1.366637003350126,-1.184303336725538,-1.9114716119417083,-2.034320245288595,-1.5971575614310112
2013-12-26 16:00:00,-0.6556586521618962,-1.5784638222111318,-1.236767967686454,-1.3711529913784808,-1.8447174099308015,-1.7760298784193453,-1.4387799218811816
2013-12-27 16:00:00,1.4761328713757786,-0.9803507545523353,-0.25351649474452104,0.20564494262002098,-0.6092227247359141,-1.1662063942106147,0.15198497897201435
2013-12-30 16:00:00,1.2671051872452435,-1.4303627866866557,-0.16617744986137753,0.2347200651768322,-0.8616298543590543,-0.8654864955779497,-0.013510341973521424
2013-12-31 16:00:00,1.6289408447925366,-1.3620266069317681,-0.03342904396256043,0.2703086793604897,-0.7787007443013664,-0.7849330582324252,0.1885583607361787
2014-01-02 16:00:00,2.354572119528071,-0.1372016999636645,1.476627226738645,0.5561245872906452,0.8046509080834656,2.190690620855388,1.636777993902407
2014-01-03 16:00:00,1.6286979476910017,-0.1803061923009193,0.580184602712736,0.6738906023949477,1.1903764394361187,2.560998365459584,1.4810469262009411
2014-01-06 16:00:00,1.4448368932360744,-0.1334739062066679,0.5638977178839374,0.7180408398991652,1.1335878595386257,2.130900813508683,1.3905147281435428
2014-01-07 16:00:00,2.249037133526839,-0.5973424860003724,2.4361102685310185,1.535182289099967,1.5211452830498546,2.303683870889679,2.073378983741463
2014-01-08 16:00:00,2.3727803480452136,0.5512316311181227,2.6564891892740383,2.01844398843541,1.8175004655185285,2.2896238903702315,2.534504636423888
2014-01-09 16:00:00,2.370617689550706,1.3433981457761506,2.4160106312126177,2.513381699530929,1.5887227515480788,1.7797543329096777,2.2951160901263976
2014-01-10 16:00:00,2.45264722779422,0.8488425595639929,2.6544441906897496,1.6489694427208847,1.5061922936061527,1.267938424866733,1.989415158700667
2014-01-13 16:00:00,1.8914680542527977,0.8010110478387314,2.0324294837462586,1.7023800245293397,0.9158311575674638,0.5476045246114248,1.6521790137196242
2014-01-14 16:00:00,1.3432287838970483,-0.3065225015489777,1.950333285838829,0.9091020407513757,0.3583850875209099,0.8458393552418717,1.0889670493190413
2014-01-15 16:00:00,1.52584167394358,1.0455679377954659,1.9898013706015623,1.422314118176294,0.76674803847924,1.0039841935482756,1.3066155140381448
2014-01-16 16:00:00,0.8814531602782504,0.5750896215427258,1.8345573223660814,1.1182882363061133,0.4669267466522407,1.08578911169228,0.9991343816167698
2014-01-17 16:00:00,0.9673218870096457,0.18020085392824614,1.61089686968988,0.24405332359493367,0.4773348309808054,1.1908458484730449,0.8189304441685742
2014-01-21 16:00:00,-0.03941518523960558,-1.7017534621554602,0.8519202301164135,0.04414322357686021,-0.26825006674335594,0.9746774049578709,0.06633990868295928
2014-01-22 16:00:00,0.08361650752797944,-1.2084668621272412,1.0126624793367334,-0.3438366917656752,0.1284257925016744,1.2533489872214174,0.14353415659530694
2014-01-23 16:00:00,0.21385220215960846,-1.4067371868110277,1.163919817495583,-0.44776883625592034,-0.11273664263439048,0.9196396783784585,0.037255533410919674
2014-01-24 16:00:00,-0.5794085654473261,-2.5289690869133032,0.27722168833870087,-0.3087953338155256,-1.0567893703298485,-0.06616140329118064,-0.8752882893532282
2014-01-27 16:00:00,-0.9869400351132693,-2.9175799006285628,-0.10173848261438363,-1.0936440328627406,-1.6890703430461347,-0.01425950913872831,-1.6099992556263667
2014-01-28 16:00:00,-0.9869400351132693,-2.7654826873648726,-0.17856236541426668,-1.6293066199841806,-1.9089076053631555,0.09660781259754393,-1.8797426406262288
2014-01-29 16:00:00,-1.261090044866952,-2.4559594276841814,-0.7664301950288263,-1.5841902681874755,-2.04520943795681,-0.834213971236507,-1.9569204665647737
2014-01-30 16:00:00,-0.7625523890818574,-1.674987832386466,-0.25050271909246274,-1.1811170876502972,-1.2352036684158783,0.056829359649153366,-1.3386541246914334
2014-01-31 16:00:00,-0.22933633752466795,-1.569764969167198,0.25480617962351526,-1.2988722327124043,-0.6718956063484361,0.4059534533390808,-0.9743971693307613
2014-02-03 16:00:00,-9.878281759262683e-15,-1.0951734341411106,1.0082224702593645,-0.6527413829886347,0.22963081162866114,1.5776803555551806,-0.4790467143891176
2014-02-04 16:00:00,-0.06176779941173157,-1.108564346350451,1.2120472156311715,-0.4772167996613064,0.12023655448343372,2.144873932303635,-0.4153168946464894
2014-02-05 16:00:00,-0.07749230213381206,-0.7204329934706662,1.3496528611291227,-0.25288640032805004,0.5343886482661047,1.6990338416945578,0.0768738799234894
2014-02-06 16:00:00,0.5237133989836331,-0.26677491261410546,1.8513609672027223,0.5723827523253691,0.8350088106624874,1.4140729397631429,0.3676092413813752
2014-02-07 16:00:00,0.5452101894697265,0.0770746708394481,1.8095811598995406,0.24222070948109656,0.9043579239878102,1.6930903041149314,0.5453514354392228
2014-02-10 16:00:00,0.34246744460881945,0.2610674740508691,1.7585489931394096,0.3673043967635118,1.0271787545913635,1.5343192917991162,0.6905895355386782
2014-02-11 16:00:00,1.1190763877352903,-0.05417634721381055,1.29231548643968,0.20992405960060917,0.6832158511704184,0.3865120341826005,0.47661924683047385
2014-02-12 16:00:00,1.1190763877352903,0.32270813522513814,1.5757663265133801,1.5501534504091046,1.165837619715947,1.3240875172008884,1.1819068011268248
2014-02-13 16:00:00,0.5168540443492828,0.12157390450966454,1.11114764326295,1.648460002439985,1.29042104964218,1.3609216221496088,1.04633369404761
2014-02-14 16:00:00,0.9144340784641259,0.380352489850933,1.0404622651798345,1.7085429245024404,1.5545595018966227,0.702436825086077,1.202054436325566
2014-02-18 16:00:00,1.3120141125789735,0.385521922004163,0.9758816297378576,1.3010611933950806,1.4234137594908818,0.2851195747180113,1.0710696360408183
2014-02-19 16:00:00,0.460387858415262,0.13863571195466903,0.885360662824272,0.9716657725835288,0.6623029277039654,0.15672247784008886,0.666843164857391
2014-02-20 16:00:00,0.789272335553093,-0.25308239999378196,0.7332313408501581,0.40332909259204436,0.4189944550714708,0.4849954797310343,0.48539892726509887
2014-02-21 16:00:00,0.7383972674922364,-0.17051617736790994,0.83424327960525,0.5062571150864474,0.62284488091721,-0.3356398567325541,0.4485664346162921
2014-02-24 16:00:00,0.6605564925088668,-1.1443452629417994,0.4370200529616863,-0.05560609545586583,0.494137828772172,-0.48759800957982696,-0.3570572049577937
2014-02-25 16:00:00,0.9821340703024658,-0.4915128140188684,0.7832469678481676,0.3801448050833918,1.177710720092239,-0.5333049562145292,0.5030788223325013
2014-02-26 16:00:00,1.3339410270648175,0.29672883470424766,0.9800745580610435,1.5724161056175925,2.061780005917323,-0.5026804386379711,1.3366520058243885
2014-02-27 16:00:00,1.8701476490561715,0.26512522713694386,0.313923108168453,2.70720930129573,2.2489671509847193,-0.05030207720221278,1.1186410458623188
2014-02-28 16:00:00,1.8493242008810746,-0.003429355960542221,1.4043522663183656,2.5553317463079535,2.29869088375995,2.1511650899859487,1.4761991337867335
2014-03-03 16:00:00,1.6951847841020782,-0.10670329769288782,1.5127934086332537,2.18823984554896,2.028227573577099,1.9089820304692504,1.443151553257148
2014-03-04 16:00:00,1.5263936012445027,-0.8990812167276023,2.7622059324407773,2.4349123432379023,1.9223270314657437,2.4875321850199423,1.8064786004101583
2014-03-05 16:00:00,0.8237544710430368,-0.7571513703561092,2.3718262376217925,1.8826458058847477,1.6430341307129879,2.360211141626269,1.472993668809536
2014-03-06 16:00:00,0.07285096135093704,-1.532797045258695,0.5794539032895817,2.0451801078124663,1.1933785192902535,1.703657759733595,1.3372808516139734
2014-03-07 16:00:00,-0.6556586521584333,-0.8281167244314773,-0.5690901829781085,2.321800145968796,1.2247563064931721,1.1295670491278118,1.855826443654368
2014-03-10 16:00:00,-2.317456151692946,0.7696959809112125,-2.084857909701374,1.7549424728080951,1.3197320266629653,1.4822138703898144,1.360645670824841
2014-03-11 16:00:00,-1.598604095868061,2.723555952408131,-1.6781473056236442,1.7440465277332058,1.4832871257640525,1.7514114659835547,1.8442600352088574
2014-03-12 16:00:00,0.17762267731866688,1.6563628013248193,-1.635843846616972,1.338084079877833,1.3431998885383534,1.8272046268381348,1.5021218651465398
2014-03-13 16:00:00,1.2463460106907718,1.1447644619469537,-0.049958429987470514,1.065487017659352,0.738165382265417,1.5731471789431237,1.0764233004229082
2014-03-14 16:00:00,-0.4926964369208066,0.4659283928678618,-0.3276576545112632,0.8841435407307052,0.35265166203064563,1.023049912662211,0.28759554250468766
2014-03-17 16:00:00,1.125462867737423,1.743887064920269,0.8789171691843264,1.1742559202698422,1.0162076511215197,1.2029695924914234,1.5048325033470982
2014-03-18 16:00:00,1.0368598602980261,2.050386151137479,0.6826689085343794,0.7646898516177911,0.9194761240675406,1.951590534110266,1.4722362887301237
2014-03-19 16:00:00,1.4159523692308125,2.040931052801488,0.7549099228868772,0.653861621340476,0.5150941905051403,2.2334926926952026,1.2206510499789076
2014-03-20 16:00:00,1.6911226547220444,1.9706464267909092,1.1708606050177495,0.4756240907180227,0.6321060000895845,1.595398792125016,1.035756621330747
2014-03-21 16:00:00,1.0775486583461344,1.2032599139429627,1.065642657606567,-0.5088091544174036,-0.6210293828155146,0.8359598288623569,0.01564936577311182
2014-03-24 16:00:00,-0.8816307204650389,0.4769773489413184,0.6122162552306574,0.04841592470763757,-0.0662643348348222,0.39746293536782507,-0.1131925323038085
2014-03-25 16:00:00,-0.8436668183005408,0.4071538118828414,0.5634108856121811,-0.10365014385290307,-0.3109271817440711,0.3164360118641995,-0.27770709983776326
2014-03-26 16:00:00,0.5734510910654114,0.7141075654427292,-0.9010379771130989,0.049679102742832444,-0.42369130424763185,0.3799539791474906,-0.15601387642214778
2014-03-27 16:00:00,0.5734510910654114,0.28326331296371404,-1.5144845409226337,-0.5741808420169134,-1.8279291808104958,0.7153917593381706,-1.0921170071191038
2014-03-28 16:00:00,0.5734510910654114,0.4761256721357825,-0.7370404611723291,-0.6176553100405131,-0.7591362781659822,0.9950535882953977,-0.45773441994540803
2014-03-31 16:00:00,-0.33654173683497585,0.5791265041711341,0.4328650327520626,-1.0859732212492526,-0.48952739717546884,1.2719905033731853,-0.2511428896693084
2014-04-01 16:00:00,-0.7418230155326355,1.0226010884632222,0.28035800839309083,-0.6803374346843056,0.43390669298104356,-0.2994981019257137,0.1967820023230594
2014-04-02 16:00:00,-1.1101497342364641,1.0712104784742464,0.5035461437253347,-0.5092609105778256,1.0308131432158074,0.06543506609036151,0.6248641771570523
2014-04-03 16:00:00,0.6854051500955872,0.8973038950886183,-0.2631962320773374,-1.3507214352707466,-0.9177912669369608,-0.21233731149377238,-1.0775938653240944
2014-04-04 16:00:00,0.18502495570607214,0.493267928990852,-1.0051557157025046,-2.0144389610707853,-1.0821052803058193,-1.4091443471824303,-1.4209560182614702
2014-04-07 16:00:00,1.0608511747327876,-0.19258309182000136,-1.07005026942131,-2.211613335344476,-0.480213898673552,-1.8491040875916307,-1.6267598429319303
2014-04-08 16:00:00,-0.08852596754258381,0.060315738048207765,-1.363394323242584,-1.6499609143323966,-1.4419293549082757,-1.3254390435760242,-1.6700352324600898
2014-04-09 16:00:00,-0.11952286093287665,-0.13470893824921476,-1.4082963248609575,-1.23453837609885,-2.0914226512686547,-0.6177527199747052,-1.7226450376001121
2014-04-10 16:00:00,0.47809144373144025,0.3631672417199359,-1.1653249412858566,-1.7933347594442095,-1.32648294128826,-0.7512366043020645,-1.7707983063381125
2014-04-11 16:00:00,-1.3147514702615104,-2.2933141989719554,-1.8336857690825605,-2.349523021671046,-1.234764225463606,-0.9854195460940915,-2.555425278004889
2014-04-14 16:00:00,-2.0735129919044946,-3.4997071662037147,-2.121842332917596,-2.5477108890826186,-2.5412709821022363,-2.2784445495796133,-2.8464635624374988
2014-04-15 16:00:00,-1.7788634661276754,-3.0640286447239533,-1.3141619094081716,-2.0937952159679805,-2.904119709891755,-1.8887726083221206,-2.5904486605430206
2014-04-16 16:00:00,-1.1725589600354462,-2.541063216440066,-1.5332923507049239,-1.4138803590355398,-1.0916413619618144,-0.985687817545937,-1.766404753670792
2014-04-17 16:00:00,-1.085404046885401,-1.7643508933969616,-1.7234458046448276,0.07515356853558167,-0.508363441778338,-0.5546417979827138,-1.0176103765439302
2014-04-21 16:00:00,-0.9912944852261175,-1.5489160779278917,-1.565564481428775,0.07515356853558167,-0.4860807038280545,-0.4892126611562896,-0.9229467098283851
2014-04-22 16:00:00,-0.9467380248290955,-1.295170180611128,-0.8861048964762696,0.6773835348056878,-0.5644244840212644,-1.3866328935831234,-0.5594319115399364
2014-04-23 16:00:00,-1.3422831809716351,-1.4381748056128296,-1.479594170900347,0.536523708343028,-1.5186312935979542,-1.116745603884683,-1.1053406483232284
2014-04-24 16:00:00,-1.2108052620907497,-1.1863363734836687,-1.1419766069584687,0.7433436927176897,-1.6129611430829274,-1.0421837859403447,-0.9699073757493564
2014-04-25 16:00:00,-0.6491464211659923,-1.3831377374886153,-1.3917917309766035,0.6586394486732613,-1.5352399693916507,-0.6063612793232247,-1.0123083314558905
2014-04-28 16:00:00,-1.4806443503735183,-1.4040129675007604,-1.4092526336786373,0.03210339408230026,-2.0567109259607177,-0.7583233771398603,-1.3846075004900966
2014-04-29 16:00:00,-0.8984951899984607,-1.2235369162856344,-1.3088930560206264,0.5291184543436533,-1.6702824577934712,-1.2446774556118803,-1.2052721444166314
2014-04-30 16:00:00,0.0728509613512299,-1.2374560894054725,-0.8462211432722017,0.5757428418503819,-0.7663021029891937,-0.12769378795487124,-0.51161444133367
2014-05-01 16:00:00,0.0487950036472671,-1.1299253837552723,-0.7997758650156459,0.63995385252965,-0.6990201127003377,-0.02545273639935162,-0.43556187348961295
2014-05-02 16:00:00,0.13048022687598285,-1.0166594758779364,0.04902118689131131,0.16505569389155805,-0.6224103335053215,-0.6400463545090828,-0.20613058538052853
2014-05-05 16:00:00,0.18988765074843608,-0.827367836033835,0.27880629621593433,0.14846403802810024,-1.2422109413287932,-1.3697799312775156,-0.27853912172385026
2014-05-06 16:00:00,-0.26049403612432526,-0.8642100534643194,0.07473008255308464,-0.14967369052344706,-1.2740012007930581,-1.894783048667905,-0.693829064135745
2014-05-07 16:00:00,-0.17736108265890727,-1.0205490256952525,0.1726972279758224,0.39604146902357956,-0.14277208401133207,-1.4802848912953732,-0.17403746238030893
2014-05-08 16:00:00,0.6703322575468461,-1.3554814742252204,0.4905438261574676,0.5447882875533061,-0.40456930157068516,-1.0828105247355437,-0.31477383332824593
2014-05-09 16:00:00,-2.996847082654625,-1.5968269561520179,-1.1521094148214486,-0.36902868264355204,-0.9904456624496657,-1.4356242367526044,-1.823149935549081
2014-05-12 16:00:00,-2.772429194096863,-1.3462771257777422,-1.2796386791162446,-1.2233089214492878,-1.6846200383143515,-2.1362950999824406,-2.3799705905770128
2014-05-13 16:00:00,-1.853926425006807,-1.7880512216211841,-0.9432273193747852,-1.4062275255537782,-1.7924380198118832,-1.5757155709837494,-2.0476446919025215
2014-05-14 16:00:00,-0.693375245278552,-1.859842202473099,-0.8686743843281912,-0.19065510651391251,-1.2757006746590485,-1.3913262488951448,-1.4138764905321726
2014-05-15 16:00:00,-2.600515129078963,-2.378971894821933,-1.8698413413461925,-1.7240424599118314,-1.9974403885651744,-2.216764660541958,-2.540000510517845
2014-05-16 16:00:00,-2.1303899778938766,-2.1250410577287324,-3.4528625365663954,-1.3036956272020452,-2.380965700928474,-2.866717749876231,-2.685591171522425
2014-05-19 16:00:00,-2.3080239201537616,-1.8767338724495115,-2.9432629569509574,-2.0033457600709483,-2.1058785055817144,-2.2791506716499135,-2.496369316425211
2014-05-20 16:00:00,-1.1978886586363908,-1.6066185941858526,-1.7518895044390486,-0.674289071084365,-0.5426933534128967,-1.7466617308656656,-1.392068008313215
2014-05-21 16:00:00,-0.5183092782492591,-1.3086965919245797,-0.5555802267323211,0.016379560562969197,-0.2856208269640386,-1.255514670973404,-0.8752467410517963
2014-05-22 16:00:00,-0.4706406173217022,-1.0574962547291338,-0.22977847469539228,-0.34632934047995817,0.2761039767619654,-0.7297288167099854,-0.5545373698039178
2014-05-23 16:00:00,-0.11169846839757647,-0.8043356374064713,0.42936643355003173,0.6313424920002297,0.5862567751275884,-0.18824195223044862,-0.11412797042105124
2014-05-27 16:00:00,0.8001927080661725,-0.15282676046900046,0.31875862657956566,1.4669458750427942,1.2800489196094096,0.44545738854725236,0.5621856737945322
2014-05-28 16:00:00,1.0556048276241874,-0.08322354913089972,0.6580450256733321,2.936149422800204,1.2378452830441795,0.09514537855522184,0.8129939946295494
2014-05-29 16:00:00,1.0556048276241874,0.2048651789069616,0.4643663134754995,2.698757331203092,0.5822358183527533,0.18146983553461266,0.6368938901270179
2014-05-30 16:00:00,0.7763967273056689,0.6586156658397475,1.2137978650873305,2.0731661003823354,0.8922271749279405,0.5573824104083669,1.0315319039340076
2014-06-02 16:00:00,1.354917493788628,0.6107969205233769,1.3259142575023712,1.6217415103979167,1.5491393418190313,0.3220256538546062,1.3867717490589568
2014-06-03 16:00:00,1.0504416524878122,0.5513988942982062,1.4174101033811106,1.264529381676938,1.3410291479750915,0.8607802593697825,1.1139818098631211
2014-06-04 16:00:00,1.0207524106600576,0.943870895663142,1.112664766071853,1.3402469419793448,1.859488189780914,1.1265909287263858,1.323281675403794
2014-06-05 16:00:00,1.7258707049030182,1.6209817148128391,1.6666660228171761,1.4684348389943926,1.7215828842459517,1.1610301605666051,1.2715966109887058
2014-06-06 16:00:00,2.1761551766922023,2.040497202108661,1.6958415093774912,1.243146001389067,1.4323860538481141,0.22707308084471503,1.2126010095167192
2014-06-09 16:00:00,1.851230245346643,1.788279244492182,1.5034117325990346,1.1207934928212366,1.2919262154728326,0.2580539662334281,1.1154707019756391
2014-06-10 16:00:00,1.6183028728202031,1.49860436302468,1.2917330694119422,1.4821157952268327,1.443445177057518,-0.6391136715245811,1.0146420288463807
2014-06-11 16:00:00,1.0839995580397757,1.0995163497288645,0.491292253323595,1.5880823363144831,0.9916499080026825,-1.3988794062086736,0.9238726797089288
2014-06-12 16:00:00,0.8059606997688656,1.0693507570479894,0.33344407421186123,1.6811758101532823,0.8981472100197051,-0.7674863715550758,1.6853083713718655
2014-06-13 16:00:00,0.33008622524976355,0.6331762882991046,-0.19369677611859118,0.9501532102008174,0.1635624765864866,-1.0943366863882826,1.0104891444009816
2014-06-16 16:00:00,0.6798250967429119,0.7401871002957167,-0.30004783244994454,0.4216913806976612,-0.030086424663334475,-0.8657068998730497,0.8315307449316628
2014-06-17 16:00:00,0.373604349405595,0.7069693864019247,-0.655765401567577,0.6341107850490393,-0.20557285875244832,-0.7383317252906301,0.7486709882023809
2014-06-18 16:00:00,0.2878509654382443,0.6817448441879589,-0.11671573916535498,0.9843900530467486,-0.4081193913440502,-1.0059927701883058,0.9712689056241216
2014-06-19 16:00:00,0.2012990983936394,1.0475076428223757,0.20558561412917026,0.8371539072877505,0.5988572299555794,-0.6660261085029312,1.270163449009669
2014-06-20 16:00:00,1.1595476747463216,0.8962878561302298,0.12098720787088368,1.631404772112559,0.7223520807838866,-0.16786363990750075,1.784120689538823
2014-06-23 16:00:00,0.3273268353531397,0.7354317090017375,-1.2989956675651353,0.9087842212063623,-0.660887372321802,-1.5481428326038476,0.6320768513066116
2014-06-24 16:00:00,-1.418416286530285,0.15813740310999053,-1.4822891823072535,0.15905904006320376,-1.2873754204270689,-1.796616670099981,-0.44435011476729847
2014-06-25 16:00:00,-1.7051090031311344,-1.0095584943769935,-1.983293625959378,0.7060853640545729,-1.2661858418321494,-1.174235416224799,-1.1720982259547836
2014-06-26 16:00:00,-1.2449899597961496,-0.6199446054266987,-1.7723531883010666,0.17207876614530973,-1.3149928378234224,-1.2822263690505766,-1.2657296449330926
2014-06-27 16:00:00,-1.5792965747629948,-1.0192118279502773,-1.5576812399465745,-0.018344231661626194,-2.4860901942983555,-1.7995968320560245,-1.7770140228738474
2014-06-30 16:00:00,-1.4377647171796253,-0.8082072901465083,-1.1619733423961285,0.27774989726437044,-2.093919277013427,-1.954275587242364,-1.4394085676497128
2014-07-01 16:00:00,-1.0332671264891542,-0.2276878263066565,-0.8168450816726545,0.32431513550248553,-1.1672842372236938,-1.0534529059900544,-0.9309642061407521
2014-07-02 16:00:00,-0.6707172575455935,0.3777024046799513,-0.17428625717596388,0.5369042608130935,-0.7335672038081099,-1.194734627931883,-0.13968508389591133
2014-07-03 16:00:00,-0.6128469591566176,0.5775636043373508,0.07379092898228745,0.7657659229821714,-0.34736289166717454,-0.1809670544673271,0.0838525682072827
2014-07-07 16:00:00,-0.8897229573153503,-0.45322316329875106,-0.015323809841498805,1.0014520628492483,-0.6034377935337808,-0.544055501672245,-0.3464418888277973
2014-07-08 16:00:00,-2.55770794241239,-1.9275443403544248,-1.1900960467134474,-0.33262129460922113,-1.490417705082456,-0.9588150037449596,-1.9073854704608284
2014-07-09 16:00:00,-2.4063408300699614,-2.399822041282799,-1.8243999671031557,-1.8743393338462848,-1.6160895006018066,-1.0438957072090027,-2.178456104228475
2014-07-10 16:00:00,-2.0367829654816396,-2.578600664570899,-2.0008266773981025,-2.6554738785839507,-1.785862151250879,-1.4043284402988718,-2.221313668618511
2014-07-11 16:00:00,-1.7638724035104876,-1.8841135056580094,-1.5725484708809994,-1.8772299845417597,-1.924267963118225,-0.7301417978126794,-1.8467924782131457
2014-07-14 16:00:00,-1.3428757299435496,-1.0506207215203764,-0.7067795064499924,-1.1198642415688476,-1.2787567094410595,-0.6631539669704648,-1.1596185513645834
2014-07-15 16:00:00,-0.9934852726695521,-1.095101626002596,-0.9500154324738985,-1.4259975853648155,-0.49813756769029793,-0.7208882333601614,-1.042280998885155
2014-07-16 16:00:00,-0.6685195876873276,-0.5678334938688181,-0.2505909451124484,-1.8604865104617514,-0.741801038936178,-0.31979838501454755,-0.7271361896282053
2014-07-17 16:00:00,-0.5946926893713587,-0.7243275539874843,-0.07022975192852421,-1.7837490123605453,-0.6684983427725112,-0.2482909405432938,-0.646977272937603
2014-07-18 16:00:00,-1.2389200382378178,-1.3036721194673828,-1.0549073185692215,-1.5632508719775309,-1.0053972573055905,-0.706838761839333,-1.2674377731714475
2014-07-21 16:00:00,-1.658115706809247,-1.60585988880606,-1.736564529998306,-1.4373172015542637,-1.166747416020832,-1.7233996688440354,-1.4906072852101993
2014-07-22 16:00:00,-1.0404605420351933,-1.5274461389509701,-1.7444652442974302,-1.5605490544991791,0.16322204260736034,-0.16691086704192512,-1.3728444435096998
2014-07-23 16:00:00,-1.2054433713623733,-1.371095952239622,-0.8823892431231648,-1.280608072975916,1.0977056016599642,0.5899905052872257,-1.1952918321388604
2014-07-24 16:00:00,-1.0879130559345729,-0.8291954851800398,-0.10866505544782602,-0.8348202470288447,1.9930095446079106,0.44811329890546175,-0.5428192393503916
2014-07-25 16:00:00,-0.15148220985752922,0.05467661128823067,0.8516826146447568,0.16113254345747655,2.291199955963161,1.6616997165465963,0.5945157690166031
2014-07-28 16:00:00,-0.6794457935289006,0.003935441462565435,0.7936395526873645,0.5792070329774893,1.4853637928207466,1.6735657513463154,0.5518633533341273
2014-07-29 16:00:00,-0.6043417633964178,-0.41063292289654263,-0.049339000430456435,0.6499596314312845,1.4327979190918667,1.5639116827619437,0.069076226509061
2014-07-30 16:00:00,-0.5292749212957738,-0.6522447621829792,0.10622597957067065,0.5681327314536126,1.5056355926060923,1.4026189617182945,0.09772930676595366
2014-07-31 16:00:00,-1.1707548527163756,-1.1021091398926295,-0.06073759201781281,-0.35216074804840136,0.5934317288683563,1.4571892875963846,-0.6427713163616176
2014-08-01 16:00:00,-0.7758738286704137,-1.2418478683721708,-0.3864855355402189,-0.6739899273675647,0.6410778887195181,1.4449561617389513,-0.8448651466135226
2014-08-04 16:00:00,-0.835439515263435,-2.0124611797480467,-0.965858624684919,0.14869311262690724,0.4818179823396595,0.8027080434472641,-1.1230216958642332
2014-08-05 16:00:00,-1.3634809591396588,-2.2962649687475016,-2.1081188850340915,-1.1802040986981166,-0.24049359681863292,-0.1264992990775312,-2.165938553584435
2014-08-06 16:00:00,-2.552309878175425,-2.224084468749577,-3.0518320435708164,-0.8513210062244212,-0.9355507714990093,-1.010244284527194,-2.5983349102049655
2014-08-07 16:00:00,-1.7457161145083835,-1.3939805659263136,-1.7363625177309419,-0.6844957285378523,-1.366937911333391,-2.612249671401565,-2.1263389240347146
2014-08-08 16:00:00,-1.5384441311966364,-1.8909065865179826,-2.2198850570275885,-1.0867558341335408,-2.1586225597703983,-2.6598846669486362,-2.5101667015051063
2014-08-11 16:00:00,-1.3692927755273552,-1.3215194138644453,-1.6369633882140169,-0.029500544988790876,-1.6806345953979023,-1.3338951473215608,-1.7593153206017755
2014-08-12 16:00:00,-0.42951240227793225,-0.519529499634907,-1.1228131510831572,-5.286559430123744e-15,-1.0681636988825218,-0.9829988323285291,-1.089282647574345
2014-08-13 16:00:00,0.12520610071658553,-0.19191638023794788,-0.6639297958114146,-0.29760683849472014,-0.8083096086626556,-0.4874727909087662,-0.7069502144827613
2014-08-14 16:00:00,0.2599216468674999,0.06680313900314405,-0.44042672523761445,0.1696872281146164,-0.6878447535188621,-0.8683258868338545,-0.46827670592197557
2014-08-15 16:00:00,0.2938769068211413,0.10700627859939862,-0.39365768123813544,0.13057720780644236,-0.6832571034148114,-0.8200409480846146,-0.4232944262050471
2014-08-18 16:00:00,-0.2938769068211152,-0.6175278542098169,-0.5927938555887644,-1.525198039514614,-0.9988000455764012,-1.387036559911232,-0.9569962342167899
2014-08-19 16:00:00,0.329462893087253,0.6121522313860257,-0.6333995848844268,-0.4244370506741231,-0.3917006646930421,-0.8925693393708694,-0.4072306852431622
2014-08-20 16:00:00,0.329462893087253,0.8493864738448186,-0.5030930737168741,0.5980961500039338,0.003083919051801655,-0.624349908770555,-0.1375627343979365
2014-08-21 16:00:00,1.390916247215119,1.6294991427128993,-0.05657996903449289,0.40322725402474413,0.42534875581142784,0.09290597349075425,0.419509719330081
2014-08-22 16:00:00,2.346611775795277,1.9018595907061226,0.5350270532297605,0.8776143948116354,0.45820561168134755,0.06388384447359266,0.8377624414191642
2014-08-25 16:00:00,2.024292763906062,1.6826913405994721,0.67155575889209,0.7203859803469952,0.5631684845627352,-0.12477925989917328,1.0534221165517852
2014-08-26 16:00:00,1.788938400612068,2.3045127593951826,1.0339154612682084,0.6437580841965407,1.0046756774235526,-0.18610740409858695,1.5172741413065696
2014-08-27 16:00:00,1.2583057392085315,1.718720989551465,1.22407522929026,0.6654793452638683,0.9192054250637783,0.0379783669317538,1.514400789241949
2014-08-28 16:00:00,1.795432847268083,1.3111624439589857,1.093803926023279,1.220435162320911,0.6417541011119404,-0.12185810119348552,1.2688913766485903
2014-08-29 16:00:00,1.8562118381391153,1.0263039566516188,0.9308576723598084,-0.0877819905669524,0.4130322408249101,0.5016959582463508,1.0770869106495717
2014-09-02 16:00:00,1.0660434316326688,0.5944981891908961,-0.3920450251410417,-0.04466765630688518,0.7409390980892712,0.17159300637293312,0.6154202058457316
2014-09-03 16:00:00,1.5235151512174658,0.7565767175644025,-0.1425089070848534,0.22571282132710485,1.1820142781869565,-0.12925070379477394,0.9303868948264744
2014-09-04 16:00:00,1.8992708199782833,1.3718221487275402,0.6165438814804786,0.7256607809658727,2.0349902852780173,-0.49106543823911786,1.3784152553638684
2014-09-05 16:00:00,1.6897552767960056,1.4017900419662632,1.6664068218747454,0.8205383770436679,2.1864517326217525,0.3217178398464194,1.5038391309828354
2014-09-08 16:00:00,1.5325680593927384,1.0210016134756508,1.3596873576582984,0.5643979326653686,1.9848840051431291,-0.5132558255508778,1.4303278076514587
2014-09-09 16:00:00,1.146562948854423,0.1169239667663259,0.7644275037903727,-1.442450727791132,1.3883680908096718,-0.0599943867528372,0.5443987485208777
2014-09-10 16:00:00,1.3239822016507485,0.03643082043473414,0.8315098817744117,-1.3646056642554247,1.3545084195801569,-2.4564703357902236,0.6363024815565751
2014-09-11 16:00:00,0.91445983629398,0.20314676538620569,0.6027391571185307,-1.953789491239351,0.9390140978626187,-2.548257280994322,0.4503818805647561
2014-09-12 16:00:00,0.5197917719988249,-0.3140617969232256,0.537318329991705,-1.6367452874750794,0.8514749417165205,-2.213366088965011,0.22258083847128224
2014-09-15 16:00:00,0.7747651880432276,-0.4162561408118463,0.008208572671033428,-1.9811043375340551,0.3635899486723151,-0.2888998610511329,-0.00894770786370663
2014-09-16 16:00:00,-0.7892723355530916,-1.7602249571958368,-0.8814796644767499,-1.5217397287552812,-0.46469683899257125,-1.0491626532909664,-1.4601829968690445
2014-09-17 16:00:00,-0.9345966563124671,-1.7602249571958368,-1.1467900666048496,-1.0728379364418437,-0.1911894355435661,-0.5031810337868688,-1.279957948119709
2014-09-18 16:00:00,-2.5146974054774462,-2.1188387502157515,-2.210244226444638,-0.8790671949461509,-1.3685656013846124,-0.5405265586517116,-2.3277613478551262
2014-09-19 16:00:00,-0.5148944348780763,-1.416717677910884,-1.1483452807613252,0.49333075388801495,1.2487040764792614,-0.46675849817572057,-0.43701090477027627
2014-09-22 16:00:00,-0.9079010813571439,-1.8960787992970258,-1.8210706583022158,-0.11874450553586192,0.9569263088987784,-1.4249010519746756,-1.1605404435881557
2014-09-23 16:00:00,-1.578544671106179,-2.036429514125097,-1.8104976150586278,-1.456408971004645,-0.587001380678254,-0.40810512079803196,-2.055852238744476
2014-09-24 16:00:00,-1.436123132650562,-1.399705108729943,-1.8879026047975995,-1.8050023309748464,-0.39737032054176036,-0.18854520193313315,-1.7420016739560302
2014-09-25 16:00:00,-1.0271112437697267,-1.3976689492748993,-2.012610788985502,-2.163805865121407,-1.2459494281970003,-1.7175185474960752,-1.9651923685857213
2014-09-26 16:00:00,-0.61708230298174,-1.3867459024463107,-1.3912480181810047,-2.113379807612469,-1.6066381979781772,-1.5205802237738186,-1.6845953676694803
2014-09-29 16:00:00,-1.7753055087413152,-1.5553653837176287,-1.514892825245817,-2.427668681638281,-1.9572605678004233,-1.7280996151920456,-2.1592617436295045
2014-09-30 16:00:00,-1.3104498958029804,-1.142787853833661,-0.7584260570632851,-2.44820309444051,-1.1742472852421062,-1.5483775000086903,-1.692159030034297
2014-10-01 16:00:00,-0.6151082904287386,-0.9076099229242481,-0.04614410708488903,-1.7770182756661161,-1.508087036260253,-2.4364278870320017,-1.4332434016467437
2014-10-02 16:00:00,-0.541286111224667,-1.2886376535301507,-0.4068479812891821,-0.9220568223123702,-1.4997417618085631,-1.9027245399906558,-1.3485610453639802
2014-10-03 16:00:00,-0.46733407246617076,-1.370612613443628,-1.230697866780379,-1.035940154523874,-1.4515633573835072,-1.4049924839727665,-1.4145946392739888
